Division,TLE,Name,NORAD,COSPAR,Nonoperational,CommentsHeliophysics,ACE,ACE,24912,1997-045A,,Earth,ACRIMSAT,ACRIMSAT,26033,1999-070B,,Earth,ADEOS,ADEOS,24277,1996-046A,past,Heliophysics,AIM,AIM,31304,2007-015A,,Earth,AirMOSS,AirMOSS,,,plane,Earth,Aqua,Aqua,27424,2002-022A,,Earth,Aquarius,Aquarius,37673,2011-024A,,instrument on SAC-DAstrophysics,ASCA,ASCA,22521,1993-011A,decayed,ASTRO DAstrophysics,Astro Observatory (ASTRO 1 & 2),Astro Observatory (ASTRO 1 & 2),,,shuttle payload,Astrophysics,Astro-H,Astro-H,,,development,Earth,ATLAS,ATLAS,,,shuttle payload,Earth,ATS,ATS,2608,1966-110A,past,ATS 1: ATS 1-5Earth,ATTREX,ATTREX,,,plane,Earth,Aura,Aura,28376,2004-026A,,Heliophysics,BARREL,BARREL,,,development,Astrophysics,BBXRT,BBXRT,,,shuttle payload,Earth,CALIPSO,CALIPSO,29108,2006-016B,,Earth,CARVE,CARVE,,,plane,Planetary,Cassini,Cassini,25008,1997-061A,,Astrophysics,CGRO,CGRO,21225,1991-027B,decayed,Earth,CHAMP,CHAMP,26405,2000-039B,decayed,Astrophysics,Chandra,Chandra,25867,1999-040B,,Planetary,Chandrayaan-1 (M3),Chandrayaan-1 (M3),33405,2008-052A,past,Astrophysics,CHIPS,CHIPS,27643,2003-002B,past,Heliophysics,CINDI/CNOFS,CINDI/CNOFS,32765,2008-017A,,Earth,CLARREO,CLARREO,,,under study,Planetary,Clementine,Clementine,25978,1999-064B,past,Earth,CloudSat,CloudSat,29107,2006-016A,,Heliophysics,Cluster-II,Cluster-II,26463,2000-045A,,"Cluster 2/FM5 (Rumba): rumba, salsa, samba, tango"Astrophysics,COBE,COBE,20322,1989-089A,past,Planetary,CONTOUR,CONTOUR,27457,2002-034A,past,Earth,CRRES,CRRES,20712,1990-065A,past,Planetary,Dawn,Dawn,32249,2007-043A,,Planetary,Deep Impact,Deep Impact,28517,2005-001A,past,Planetary,Deep Space 1,Deep Space 1,25508,1998-061A,past,Earth,DESDynI,DESDynI,,,under study,Earth,DISCOVER-AQ,DISCOVER-AQ,,,plane,Astrophysics,DXS,DXS,,,shuttle payload,Earth,Dynamics Explorer,Dynamics Explorer,12624,1981-070A,past,"dynamics explorer 1: 1, 2"Earth,Earth Observing-1 (NMP),Earth Observing-1 (NMP),26619,2000-075A,,Planetary,Epoxi,Epoxi,28517,2005-001A,,Heliophysics,Equator-S,Equator-S,25068,1997-075B,past,Earth,ERBS,ERBS,15354,1984-108B,,Earth,ERS,ERS,23560,1995-021A,past,ERS-2: 1962.09.17 (TRS) to 1967.04.28.Ì_+E43+G43+F40+F40+F40+G40+G40+G45Earth,ESSA,ESSA,3764,1969-016A,past,Astrophysics,EUVE,EUVE,21987,1992-031A,decayed,Planetary,ExoMars Trace Gas Orbiter,ExoMars Trace Gas Orbiter,,,past,not pursued with ESAHeliophysics,FAST,FAST,24285,1996-049A,past,Astrophysics,Fermi,Fermi,33053,2008-029A,,Astrophysics,FUSE,FUSE,25791,1999-035A,past,Astrophysics,GALEX,GALEX,27783,2003-017A,past,Planetary,Galileo,Galileo,20298,1989-084B,decayed,Astrophysics,GEMS,GEMS,,,studied,Planetary,Genesis,Genesis,26884,2001-034A,past,Earth,Geosat,Geosat,15595,1985-021A,past,Heliophysics,Geotail,Geotail,22049,1992-044A,,Earth,GOES A - C,GOES A - C,8366,1975-100A,past,GOES-1: 1-3Earth,GOES D - H,GOES D - H,11964,1980-074A,past,GOES 4: 4-7Earth,GOES I - M,GOES I - M,23051,1994-022A,,GOES 8: 8-12Earth,GOES N - P,GOES N - P,29155,2006-018A,,GOES 13Earth,GPM,GPM,39574,2014-009C,,Earth,GRACE,GRACE,27391,2002-012A,,GRACE 1: 1-2Planetary,GRAIL,GRAIL,37801,2011-046A,decayed,"GRACE A: A,B"Astrophysics,Gravity Probe B (GP-B),Gravity Probe B (GP-B),28230,2004-014A,past,Earth,GRIP,GRIP,,,plane,Astrophysics,HALCA,HALCA,24720,1997-005A,past,Planetary,Hayabusa,Hayabusa,27809,2003-019A,decayed,Astrophysics,Herschel,Herschel,34937,2009-026A,past,Astrophysics,HETE-2,HETE-2,26561,2000-061A,past,Heliophysics,Hinode (Solar-B),Hinode (Solar-B),29479,2006-041A,,Astrophysics,Hipparcos,Hipparcos,20169,1989-062B,past,Earth,HS3,HS3,,,plane,Astrophysics,HST,HST,20580,1990-037B,,Heliophysics,IBEX,IBEX,33401,2008-051A,,Earth,ICESat,ICESat,27642,2003-002A,past,Earth,ICESat II,ICESat II,,,development,Astrophysics,IEH-3,IEH-3,,,shuttle payload,Planetary,ILN,ILN,,,under study,Heliophysics,IMAGE,IMAGE,26113,2000-017A,past,Heliophysics,IMP-8,IMP-8,6893,1973-078A,past,EXPLORER 50Astrophysics,INTEGRAL,INTEGRAL,27540,2002-048A,,Heliophysics,IRIS,IRIS,39197,2013-033A,,Heliophysics,ISEE,ISEE,11004,1978-079A,past,Astrophysics,ISO,ISO,23715,1995-062A,past,Astrophysics,IUE,IUE,10637,1978-012A,past,Astrophysics,IXO,IXO,,,under study,Earth,Jason-1,Jason-1,26997,2001-055A,past,Astrophysics,JDEM,JDEM,,,studied,Planetary,Juno,Juno,37773,2011-040A,,Astrophysics,JWST,JWST,,,development,Astrophysics,KAO,KAO,,,plane,Astrophysics,Keck Interferometer (KI),Keck Interferometer (KI),,,telescopes,Astrophysics,Kepler,Kepler,34380,2009-011A,,Planetary,LADEE,LADEE,39246,2013-047A,decayed,Earth,LAGEOS 1&2,LAGEOS 1&2,8820,1976-039A,,LAGEOS 1: 1-2Earth,Landsat 7,Landsat 7,25682,1999-020A,,Astrophysics,LBTI,LBTI,,,development,Earth,Landsat 8,LDCM,39084,2013-008A,,Astrophysics,Leonid MAC,Leonid MAC,,,plane,Astrophysics,LISA,LISA,,,under study,Planetary,Lunar Prospector,Lunar Prospector,25131,1998-001A,decayed,moonPlanetary,Lunar Reconnaisance Orbiter,Lunar Reconnaisance Orbiter,35315,2009-031A,,Planetary,Magellan,Magellan,19969,1989-033B,decayed,Planetary,Mariner Missions,Mariner Missions,374,1962-041A,past,"MARINER 2 (VENUS), up to MARINER 10"Planetary,Mars Climate Orbiter,Mars Climate Orbiter,25571,1998-073A,decayed,Planetary,Mars Exploration Rover - Opportunity,Mars Exploration Rover - Opportunity,27849,2003-032A,decayed,Planetary,Mars Exploration Rover - Spirit,Mars Exploration Rover - Spirit,27827,2003-027A,decayed,Planetary,Mars Express (ASPERA-3),Mars Express (ASPERA-3),27816,2003-022A,,Planetary,Mars Global Surveyor,Mars Global Surveyor,24648,1996-062A,past,Planetary,Mars Observer,Mars Observer,22136,1992-063A,past,Planetary,Mars Odyssey,Mars Odyssey,26734,2001-013A,,Planetary,Mars Pathfinder,Mars Pathfinder,24667,1996-068A,decayed,Planetary,Mars Polar Lander,Mars Polar Lander,25605,1999-001A,decayed,Planetary,Mars Reconnaissance Orbiter,Mars Reconnaissance Orbiter,28788,2005-029A,,Planetary,Mars Science Laboratory,Mars Science Laboratory,37936,2011-070A,decayed,Planetary,MAVEN,MAVEN,39378,2013-063A,,Planetary,MESSENGER,MESSENGER,28391,2004-030A,,Heliophysics,MMS,MMS,,,development,Earth,MOMS,MOMS,,,shuttle payload,Earth,MOS,MOS,17527,1987-018A,past,Planetary,NEAR-Shoemaker,NEAR-Shoemaker,23784,1996-008A,decayed,Planetary,New Horizons,New Horizons,28928,2006-001A,,Earth,Nimbus,Nimbus,11080,1978-098A,past,NIMBUS-7: 1-7+Earth,NOAA-N,NOAA-N,28654,2005-018A,,Earth,NOAA/POES,NOAA/POES,,,development,same as NPOESSEarth,NPOESS,NPOESS,,,development,same as NOAA/POESEarth,NPOESS Preparatory Project (NPP),NPOESS Preparatory Project (NPP),37849,2011-061A,,Astrophysics,NuSTAR,NuSTAR,38358,2012-031A,,Astrophysics,OAO,OAO,6153,1972-065A,past,OAO 3: 1-3Earth,OCO,OCO,,,past,launch failureEarth,OCO-2,OCO-2,40059,2014-035A,,Earth,Operation Ice Bridge,Operation Ice Bridge,,,plane,Astrophysics,ORFEUS-SPAS II,ORFEUS-SPAS II,24661,1996-065B,decayed,Earth,OSTM,OSTM,33105,2008-032A,,Planetary,Phoenix,Phoenix,32003,2007-034A,decayed,Planetary,Pioneer 10 & 11,Pioneer 10 & 11,5860,1972-012A,past,PIONEER 10: 10-11Planetary,Pioneer Venus Missions,Pioneer Venus Missions,10911,1978-051A,decayed,PIONEER VENUS ORBITER: other PIONEER VENUS missionsAstrophysics,Planck,Planck,34938,2009-026B,past,Heliophysics,Polar,Polar,23802,1996-013A,past,Earth,QuikSCAT,QuikSCAT,25789,1999-034A,,Earth,Radarsat,Radarsat,23710,1995-059A,,Planetary,Ranger,Ranger,439,1962-055A,past,RANGER 5Heliophysics,RBSP,RBSP,38752,2012-046A,,RBSP AHeliophysics,RHESSI,RHESSI,27370,2002-004A,,Astrophysics,ROSAT,ROSAT,20638,1990-049A,decayed,Planetary,Rosetta,Rosetta,28169,2004-006A,,Astrophysics,RXTE,RXTE,23757,1995-074A,past,Astrophysics,SAC-B,SAC-B,24645,1996-061A,decayed,Earth,SAGE III - ISS,SAGE III - ISS,,,shuttle payload,Earth,SAGE III å´__ Meteor-3M,SAGE III å´__ Meteor-3M,27001,2001-056A,past,Heliophysics,SAMPEX,SAMPEX,22012,1992-038A,decayed,Earth,Seasat 1,Seasat 1,10967,1978-064A,past,Earth,SeaStar (SeaWiFS),SeaStar (SeaWiFS),24883,1997-037A,past,Earth,SeaWinds (ADEOS II),SeaWinds (ADEOS II),27597,2002-056A,,Astrophysics,SIM,SIM,,,studied,Earth,SIR-C,SIR-C,,,Shuttle payload,Earth,SMAP,SMAP,,,development,Earth,SMS,SMS,7298,1974-033A,past,Heliophysics,SNOE,SNOE,25233,1998-012A,past,Astrophysics,SOFIA,SOFIA,,,plane,Heliophysics,SOHO,SOHO,23726,1995-065A,,Heliophysics,Solar Dynamics Observatory (SDO),Solar Dynamics Observatory (SDO),36395,2010-005A,,Heliophysics,Solar Orbiter,Solar Orbiter,,,under study,Heliophysics,Solar Probe Plus,Solar Probe Plus,,,under study,Earth,SORCE,SORCE,27651,2003-004A,,Heliophysics,Space Environment Testbeds,Space Environment Testbeds,,,development,Heliophysics,Spartan 201,Spartan 201,25521,1998-064C,decayed,Astrophysics,Spitzer,Spitzer,27871,2003-038A,,SIRTFEarth,SRTM,SRTM,,,shuttle payload,Astrophysics,ST-7 / Lisa Pathfinder,ST-7 / Lisa Pathfinder,,,development,Heliophysics,ST5,ST5,28980,2006-008A,past,"ST5-A: A, B, C"Planetary,Stardust,Stardust,25618,1999-003A,past,Planetary,Stardust-NExT,Stardust-NExT,25618,1999-003A,past,same as STARDUSTHeliophysics,STEREO,STEREO,29510,2006-047A,,"STEREO A: A, B"Planetary,Surveyor,Surveyor,2185,1966-045A,decayed,SURVEYOR 1: 1-7Astrophysics,Suzaku (Astro-E2),Suzaku (Astro-E2),28773,2005-025A,,Astrophysics,SWAS,SWAS,25560,1998-071A,past,Astrophysics,Swift,Swift,28485,2004-047A,,Earth,Terra,Terra,25994,1999-068A,,Earth,TERRIERS,TERRIERS,25735,1999-026A,past,Heliophysics,THEMIS,THEMIS,30580,2007-004A,,"THEMIS A: A,D,E"Heliophysics,TIMED,TIMED,26998,2001-055B,,Earth,TIROS,TIROS,29,1960-002B,past,TIROS 1: Many TIROS satellites 1960-1978Earth,TOMS-EP,TOMS-EP,23940,1996-037A,past,Earth,TOPEX/Poseidon,TOPEX/Poseidon,22076,1992-052A,past,Astrophysics,TPF,TPF,,,studied,Heliophysics,TRACE,TRACE,25280,1998-020A,past,Earth,TRMM,TRMM,25063,1997-074A,,Heliophysics,TWINS A & B,TWINS A & B,32706,008-010A,,USA 200Earth,UARS,UARS,21701,1991-063B,decayed,Heliophysics,Ulysses,Ulysses,20842,1990-090B,past,Planetary,Viking 1 - 2,Viking 1 - 2,8108,1975-075A,past,"VIKING 1: VIKING {1,2} {ORBITER,LANDER}"Heliophysics,Voyager,Voyager,10321,1977-084A,,VOYAGER 1: 1-2Heliophysics,Wind,Wind,23333,1994-071A,,Astrophysics,WIRE,WIRE,25646,1999-011A,decayed,Astrophysics,WISE,WISE,36119,2009-071A,past,Astrophysics,WMAP,WMAP,26859,2001-027A,past,MAPAstrophysics,XMM-Newton,XMM-Newton,25989,1999-066A,,Heliophysics,Yohkoh,Yohkoh,21694,1991-062A,past,